id,name,type,phase,pivotFrom,pivotTo,platforms,summary,whenToUse,toolsUsed,trust,missingPersonsRelevance,tags,source
911-call-and-audio-release-as-viral-social-amplification,911-call and audio release as viral social amplification,case-study,reporting,metadata-exif,associate social-profile,youtube facebook tiktok,"Releasing Brandon Lawson's 911 call publicly sparked viral social-media spread, was picked up by a major YouTube creator (LordanARTS) and sustained over years by true-crime podcasts (True Crime Garage, Crawlspace, 2013-2021), with follow-up episodes used to correct media misconceptions. The transferable lesson: a single emotionally compelling primary artifact (audio, last video, distinctive photo) can be the engine that recruits a crowd of analysts and witnesses. Identify the one shareable artifact in your case and route it to the platforms where the relevant audience already gathers.",,YouTube podcast distribution,community,high,amplification crowdsourcing audio stalled-case,uncovered-missing
automation-without-verification,antipattern-automation-without-verification,antipattern,verification,any,any,,"Automation-without-verification is treating a tool's output as a finding instead of a lead. Username checkers, scrapers, breach-lookups, and aggregators produce hits fast — and a meaningful fraction of them are false positives, stale, or about a different person. If you pipe that output straight into the report or the next pivot without eyeballing the actual source, you inherit every error the tool made, at machine speed. In missing-persons work this is how a coincidental handle match, a same-name aggregator card, or a dead profile becomes a ""confirmed account"" — automation amplifies the mistake instead of catching it.","Every time a tool returns a result you're about to report, link, or pivot from — before you act on it.",Sherlock WhatsMyName Spiderfoot,trusted,high,automation tooling verification false-positive cognitive,
behaviorally-targeted-authentic-content-over-threat-framing,Behaviorally-targeted authentic content over threat-framing,technique,reporting,associate name,associate social-profile,youtube tiktok facebook,"FBI profiler Tim Pappa's framework for driving cold-case attention: content must align with investigative goals and target the people closest to a suspect. He warns of psychological reactance - when authorities describe a suspect with threatening labels ('serial killer', 'narcissistic'), people close to that person reject the characterization and withhold information because it contradicts their experience. Instead, use authentic, vulnerable, unscripted content. Audiences judge authenticity from behavioral samples under five minutes and reject 'surface acting'. The transferable OSINT-adjacent ",,,community,high,messaging reactance authenticity tip-elicitation,uncovered-missing
brandon-lawson-convergence-of-independent-lanes,Convergence case: stacking five independent lanes to break a stalled disappearance,case-study,enrichment,any,geolocation associate address metadata-exif,youtube facebook,"In the Brandon Lawson case, resolution is attributed not to one clever pivot but to the convergence of five independent contributor lanes: family persistence (independent ground searches and records pursuit begun within 24 hours, ahead of the official report), volunteer data management (a noisy raw cellular-records dump normalized into a structured, geocoded spreadsheet with tower coordinates that collapsed a wide area into a bounded search box), social/media amplification (a public 911-call release that went viral and was sustained for years by a YouTube creator and true-crime podcasts), professional investigation experience (a PI liaison plus drone imagery yielding 1000+ high-resolution photos), and coordinated systematic ground searches (lane-pattern teams). Evidence was recovered roughly nine years later at the convergence of these lanes. The transferable playbook: do not bet the case on a single pivot - run parallel lanes (digital footprint, geospatial/records, amplification, expert/records, physical/ground) against one shared structured record, and act where two independent lanes point at the same place.",,spreadsheet (Excel) drone imagery YouTube podcast distribution,community,high,convergence multi-lane corroboration stalled-case collective-impact,uncovered-missing
build-clean-sock-puppet-accounts-that-look-normal,Build clean sock-puppet accounts that look normal,technique,opsec,,,,"TOFM's sock-puppet guidance is counterintuitive: blend in rather than over-engineer. Create accounts via the mobile app (more forgiving signup), from your residential IP without a VPN on a vanilla Chrome browser so you look like an ordinary user, and don't put in more effort than needed. Never reuse other people's headshots/profile photos from around the internet — that will get you flagged. The cleanest method is a disposable phone set up over your home internet.",,,community,medium,sock-puppet opsec account-creation tracelabs,tofm
capture-full-page-screenshots-of-every-finding-for-the-le-handoff,Capture full-page screenshots of every finding for the LE handoff,technique,reporting,,document-id,,"Web pages and social posts change or get deleted between when you find them and when law enforcement reviews the report. Preserve every submission with a full-page screenshot so the evidence survives. Equally important: each submission must include the discovery method and why it matters, because 'information without context is not intelligence' and judges/LE reject findings that lack explanation. Build a living flow chart of intel points (e.g. in draw.io) so connections are legible to a downstream reader.",,Nimbus Screenshot & Screen Video Recorder draw.io,community,high,evidence-preservation reporting documentation context,searchparty-writeups
case-classification-triage-missing-vs-suspicious-death-vs-murdered,Case classification triage: missing vs. suspicious-death vs. murdered,technique,triage,name,geolocation social-profile associate,,"Uncovered's database organizes 49,955 cold cases by case status (Missing, Suspicious Death, Murdered) plus victim race, gender, and orientation/identity, with location and date attached to every entry. For a thin-selector missing-persons case, classify the disappearance type first (voluntary/runaway vs. endangered vs. foul-play-suspected) because it dictates which pivot lanes pay off: runaways and voluntary disappearances are most often solved through active social-media footprints and friend networks, while suspicious-death cases lean on last-known-location, surveillance, and records. The loc",,Uncovered case database,community,high,intake classification missing-persons triage,uncovered-missing
check-adult-dating-escort-platforms-in-trafficking-risk-missing-persons-cases,Check adult/dating/escort platforms in trafficking-risk missing-persons cases,playbook,pivot,username phone,social-profile image geolocation,dating-sites escort-directories camming-sites adult-platforms,"cupidcr4wl was built specifically for missing-persons investigations where dating, adult video/photo platforms, and human-trafficking concerns are relevant, on the premise that people in trafficking situations or who have run often maintain active accounts on these platforms even when their mainstream profiles go dark. The playbook is to take confirmed usernames and phone numbers and sweep them across payment/gifting, social, dating/hookup, fetish, adult video/photo, camming, and escort directories - categories that mainstream username tools skip. A hit on these platforms can be the only live ",,cupidcr4wl,community,high,trafficking adult-platforms phone-pivot username-pivot safety playbook,osinti4l-user
check-most-recent-post-timestamp-to-confirm-the-mp-is-digitally-active-and-on-which-platform,Check most-recent post timestamp to confirm the MP is digitally active and on which platform,technique,triage,social-profile,social-profile metadata-exif,facebook instagram tiktok,"Once a confirmed MP profile is found, look at the timestamp of the most recent post or activity. A post within the last 24 hours tells you two high-value facts: the person is currently digitally active (so live leads exist) and this specific platform is one they actually use to post. This shapes where you spend the rest of your time, biasing effort toward the platforms with fresh activity rather than dormant accounts.",,Facebook,community,high,recency triage activity-signal social-media,osinti4l-mvo-writeup
cluster-correlation-confirm-multiple-accounts-belong-to-one-person-via-shared-friends,Cluster correlation: confirm multiple accounts belong to one person via shared friends,technique,verification,social-profile associate username,social-profile associate,facebook instagram twitter,"A single person typically has several accounts across platforms. To prove a set of accounts all belong to the same subject (rather than namesakes), look for the same two or more mutual friends/associates appearing across each account. Shared close connections are a far stronger correlation signal than a matching display name, and they let you confidently merge accounts into one identity and advance the timeline. A winning team explicitly used 'two common friends across every account' as their verification rule.",,TruePeopleSearch,community,high,correlation verification network-analysis identity-resolution,searchparty-writeups
confirm-a-candidate-social-profile-with-facial-comparison-before-enumerating-it,Confirm a candidate social profile with facial comparison before enumerating it,pattern,verification,name social-profile image,face social-profile,facebook,"When a name search returns a candidate profile (e.g., a Facebook account matching the MP's name), do not assume it is the right person. Compare the profile picture against the official BOLO image using a face-comparison tool to confirm identity first. Only after a positive match should you invest time enumerating that account. This prevents building an entire intelligence picture on a same-name stranger and gives you a defensible verification step for your report.",,FaceComparison (facecomparison.toolpie.com),community,high,facial-recognition verification attribution facebook,osinti4l-mvo-writeup
confirm-a-geolocation-by-matching-multiple-incidental-micro-features-in-street-view,Confirm a geolocation by matching multiple incidental micro-features in Street View,pattern,verification,image geolocation,geolocation address,google,"A single matching landmark is a candidate, not proof. The team confirmed the exact filming spot by corroborating several incidental, hard-to-fake details visible in both the media and Google Street View: a matching padlock and storage area, matching lighting fixtures, and a Chevron gas-station sign in the same relative position. For the photoshoot image they similarly matched a cleaning station, nearby building satellite-dish/window positions, and a fence-line. Stack independent micro-features to pin a location down to the exact camera position and to make the conclusion defensible.",,Google Street View Google Maps,community,high,geolocation corroboration street-view micro-features verification,osinti4l-mvo-writeup
confirm-geolocation-with-a-stack-of-independent-micro-features-not-one-match,"Confirm geolocation with a stack of independent micro-features, not one match",technique,verification,geolocation image,geolocation address,google,"Across both the video and the image geolocations, the team never declared a location on a single match. They stacked independent corroborating micro-features in Street View - matching padlock and storage area, lighting structure, Chevron sign for the video; cleaning station, satellite-dish/window positions, and fence-line alignment for the car-wash. Requiring several unrelated physical details to all line up at one coordinate dramatically lowers false-positive geolocations, which matters because a confidently wrong location wastes searcher resources and damages report credibility.",,Google Street View Google Maps,community,high,geolocation verification false-positive-control street-view tracelabs,osinti4l-user
convergence-model-stack-independent-contributor-lanes,Convergence model: stack independent contributor lanes,playbook,enrichment,,geolocation associate address metadata-exif,youtube facebook,"The Brandon Lawson resolution is attributed to the convergence of five independent contributor lanes: family persistence, volunteer data management (structured cell records), media/social amplification, professional investigation experience (PI liaison + drone imagery yielding 1000+ high-res photos), and coordinated systematic ground searches (10-member lane-pattern teams). The transferable playbook for a crowdsourced/hackathon case: do not rely on a single pivot - run parallel lanes (digital footprint, geospatial, amplification, expert/records, physical/ground) and look for the point where tw",,spreadsheet (Excel) drone imagery YouTube,community,high,multi-lane corroboration collective-impact playbook,uncovered-missing
corroborate-relatives-and-connections-with-people-search-before-submitting,Corroborate relatives and connections with people-search before submitting,technique,enrichment,name associate social-profile,phone address associate email,facebook linkedin,"Social-media inferences about who is a relative or associate should be confirmed against people-search/public-records databases rather than relying on news articles or assumption. People-search engines validate family relationships, surface additional phone numbers and addresses, and confirm a connection is real. Because record availability is jurisdiction-specific, tool choice must adapt to the subject's country/region. SignalHire-style extensions can also pull phone/email and linked profiles directly off a LinkedIn or social profile.",,TruePeopleSearch SignalHire US Phone Book country-specific people-search engines,community,high,people-search public-records corroboration relatives enrichment,searchparty-writeups
cross-reference-multiple-media-against-each-other-and-known-locations-to-bound-the-search,Cross-reference multiple media against each other and known locations to bound the search,pattern,pivot,geolocation image,geolocation address,google,"Treat each confirmed location as a constraint that bounds the search for the next one. After geolocating the video to a specific building/lighting structure, the team searched for the photoshoot car-wash specifically in areas near that confirmed location and in areas listed on the MP BOLO, rather than searching the whole world. Locations from a subject's media tend to cluster geographically; use already-solved media to shrink the candidate area for unsolved media.",,Google Maps Google Street View,community,high,geo-clustering search-bounding cross-reference bolo,osinti4l-mvo-writeup
cupidcr4wl-trafficking-platform-sweep,Trafficking-risk case: sweep username and phone across adult/dating/escort platforms with a stop-and-report tripwire,case-study,pivot,username phone,social-profile image geolocation,dating-sites escort-directories camming-sites adult-platforms,"cupidcr4wl is a username/phone enumeration tool built specifically for missing-persons cases touching dating, adult video/photo, and human-trafficking concerns, on the premise that people in trafficking situations or who have run often keep ACTIVE accounts on these platforms even after their mainstream profiles go dark. The worked method: take confirmed usernames and phone numbers, sweep them (with spelling variations, since platforms structure handles differently) across seven categories mainstream tools skip - payment/gifting, social, dating/hookup, fetish, adult video/photo, camming, and escort directories - and export hits to a self-contained HTML report for documentation. A hit on these platforms can be the only live digital footprint and a fresh geolocation source. The tool ships an explicit safety tripwire: if you find suspected illegal content (CSAM/trafficking), STOP investigating and use the bundled law-enforcement reporting resources, operating within your jurisdiction. The lesson: do not skip these platforms out of discomfort, run username AND phone with variants, preserve every hit, and pre-commit to halt-and-report on illegal content.",,cupidcr4wl,community,high,trafficking adult-platforms phone-pivot username-pivot safety evidence-preservation,osinti4l-user
desktop-research-and-public-records-foundation,Desktop-research and public-records foundation,pattern,enrichment,name address employer-org,document-id address associate,,"Uncovered's Citizen Detective Guide frames the core skillset as diverse desktop research methods combined with knowing the components of requesting public information and records, and evaluating data-collection processes - blending publicly available information with crowdsourced insights to map a case before acting. The transferable baseline: before chasing social pivots, ground the case in systematic open-source desktop research and identify which public records (police reports, FOIA-style requests, court/property records) can be requested, so social-media leads are corroborated against auth",,Uncovered Citizen Detective Guide public records requests,community,medium,public-records desktop-research corroboration foundation,uncovered-missing
divide-missing-persons-across-the-team-so-each-investigator-owns-a-foothold,Divide missing persons across the team so each investigator owns a foothold,technique,intake,name,social-profile username,,"In a team CTF, each member typically picks one missing person to investigate and drives that case's initial foothold independently. This parallelizes coverage across multiple MPs and gives each case a clear owner accountable for building and pivoting from its selector set, while still allowing the team to converge (e.g., over voice chat) when a case needs extra hands or local knowledge.",,voice chat / team collaboration,community,medium,team task-allocation intake collaboration,osinti4l-mvo-writeup
document-the-workflow-as-a-flowchart-context-turns-data-into-intelligence,Document the workflow as a flowchart - context turns data into intelligence,pattern,reporting,,,,"The team built a draw.io flowchart synthesizing every intelligence pathway, the geolocation comparisons, and the validation logic, and explicitly framed their guiding principle as 'information without context is not intelligence.' For Trace Labs scoring (and real case handoff), how you found and verified each datapoint is as important as the datapoint itself; a transparent, source-and-confirmation flowchart is what won the Most Valuable OSINT award. The transferable pattern is to capture provenance and verification chains as you go and present them visually, so each finding is auditable and th",,draw.io,community,medium,reporting documentation provenance flowchart tracelabs,osinti4l-user
document-the-workflow-as-a-flowchart-information-without-context-is-not-intelligence,Document the workflow as a flowchart: information without context is not intelligence,pattern,reporting,,,,"The team's award-winning differentiator was not a single clever find but rigorous documentation. They built a flowchart (in draw.io) capturing every relevant intel point, the workflow connecting them, and side-by-side geolocation comparisons showing how each conclusion was sourced and confirmed. Their maxim: 'Information without context is not intelligence,' and proper documentation of intel points is 'just as important as the intel points themselves.' A clear, sourced, single-document narrative of how you got each answer is what elevates raw finds into intelligence and wins evaluation.",,draw.io,community,high,reporting documentation intelligence-context flowchart provenance,osinti4l-mvo-writeup
doxxing-collateral-people,antipattern-doxxing-collateral-people,antipattern,reporting,associate any,,,"Doxxing collateral people is over-collecting and exposing the bystanders around a subject — relatives, friends, exes, neighbors, the person whose name appeared on a piece of mail — beyond what the case actually needs. It happens naturally because the network IS the pivot surface, so associates' details pile up; but publishing or reporting their addresses, identities, and private facts harms uninvolved people, can endanger them, and corrupts the credibility of the whole report. In missing-persons work the mission is to find the subject, not to compile dossiers on everyone adjacent; legal does not equal right.","Whenever associate/bystander data accumulates, and especially before any finding about a non-subject enters the report or gets shared.",,trusted,high,ethics safety harm-minimization reporting sensitive,
email-to-accounts,pivot-email-to-accounts,technique,pivot,email,social-profile username name phone,gravatar github twitter,"An email is a near-unique selector that unlocks two distinct pivots. Account-discovery tools and registration-check techniques reveal where the address has accounts; breach/leak datasets reveal what's been exposed alongside it — names, usernames, phone numbers, hashed passwords, and other emails. The email's local-part is also a strong username candidate. Together these turn one address into a cluster of accounts and identity fragments, making email one of the highest-yield seeds when you have one.","You hold an email address (from a profile, a leak, a resume, a WHOIS, an account-recovery hint) and want the accounts/identity behind it.",holehe h8mail hunter-io gravatar dehashed,trusted,high,email breach account-discovery high-yield,
english-only-bias,antipattern-english-only-bias,antipattern,pivot,name username any,social-profile associate geolocation image,,"English-only bias is conducting the whole investigation in English — English search terms, English-script name spellings, English-language platforms — when the subject's footprint partly or wholly lives in another language. Names transliterate multiple ways, communities gather on regional platforms, signage and posts are in the local language, and a single canonical English spelling misses the variants the person actually uses. In missing-persons work this silently shrinks the searchable footprint, drops associates and locations entirely, and is especially damaging for immigrant, international, and multilingual subjects.","Any time the subject, their family, or their last-known location ties to a non-English-speaking community or country.",Google Translate Yandex,trusted,high,language transliteration international pivot footprint,
enrichment,phase-enrichment,pattern,enrichment,,,,"Where the pivot phase grows the graph breadth-first, enrichment deepens a single confirmed node. You've verified this account/person is the subject; now you mine it exhaustively — every post, every tagged photo, every linked account, the follower graph, the bio links, the historical activity — converting one confirmed selector into a dense cluster of new ones. Enrichment is depth-first by design, which is only safe AFTER verification has locked the node to the subject.",After a selector is confirmed (not a candidate) and you want to extract maximum signal from it.,wayback-machine,trusted,high,core depth,
enumerate-a-known-handle-across-many-platforms,Enumerate a known handle across many platforms,technique,pivot,username,social-profile username image associate,instagram tiktok twitter reddit facebook,"When you know the subject's preferred online handle/username, enumerate it across as many sites as possible to map their digital footprint. A single reused username often unlocks profiles on platforms the person never publicly linked, each of which can carry fresh photos, location hints, and an associate network. TOFM names whatsmyname.app as the go-to enumeration tool.",,whatsmyname.app,community,high,enumeration username-pivot footprint tracelabs,tofm
enumerate-one-confirmed-profile-into-a-wide-selector-graph-via-people-search-and-linked-profiles,Enumerate one confirmed profile into a wide selector graph via people-search and linked profiles,playbook,enrichment,social-profile,username email address associate social-profile,facebook,"A single confirmed account is a hub, not an endpoint. From the MP's profile, pivot outward through linked profiles, people-search sites, and the connections the account exposes to build a broad selector graph: additional social accounts and link directories, usernames, emails, accounts tied to those emails, physical addresses, and relatives. In the documented case one confirmed Facebook profile expanded into 24 social/link directories, 14 usernames, 4 emails, 10 email-linked accounts, 2 addresses, and 2 relatives. Each new selector is a fresh pivot surface and a possible point of current conta",,Facebook people-search sites,community,high,enumeration selector-graph people-search email-pivot facebook,osinti4l-mvo-writeup
enumeration-is-not-validation,Enumeration is not validation,antipattern,verification,username social-profile,,,"A tempting but wrong move: finding a username on a site and treating that as proof the account belongs to your subject. TOFM is explicit that 'Enumeration ≠ Validation.' Counting hits is easy; confirming identity is the real work. The fix is to cross-reference each hit against the source-of-truth seed data — same photos, same interests, same mutual connections — before relying on it.",,whatsmyname.app,community,high,validation false-positive identity-confirmation tracelabs,tofm
establish-a-source-of-truth-before-pivoting,Establish a source of truth before pivoting,pattern,intake,name image physical-description social-profile,,,"Trace Labs' TOFM stresses that the thin set of selectors you START with (a name, a photo, a physical description, a known social profile, hobbies/interests) is your 'source of truth' against which every later discovery must be validated. Good investigators anchor on this seed data first, write it down, and treat any newly found account as a hypothesis to confirm against the seed rather than as fact. This prevents you from chasing a same-named stranger and corrupting the whole investigation.",,,community,high,intake validation seed-data tracelabs,tofm
ethics-legal-does-not-equal-right,Ethics: legal does not equal right,pattern,reporting,,,,"TOFM's ethical frame is that 'just because something is not illegal doesn't make it right.' Investigators bear moral responsibility for the impact of their work on the subject and on third parties. In missing-persons OSINT this directly shapes restraint: do not expose third-party bystanders, do not publish unvalidated identity claims, and weigh harm before acting on a finding.",,,community,medium,ethics harm-minimization reporting tracelabs,tofm
export-and-preserve-findings-as-you-go-for-documentation-and-handoff,Export and preserve findings as you go for documentation and handoff,technique,reporting,,,,"cupidcr4wl's --export-results writes hits to a self-contained HTML report (cc_results.html), reflecting a discipline of preserving evidence at the moment of discovery rather than reconstructing it later. In missing-persons work, profiles and posts can be deleted or go private quickly, so capturing results into a durable, shareable artifact protects the chain of custody and supports the final report or law-enforcement handoff. The transferable technique is to default to export/capture for every tool run so no live finding is lost to later takedown.",,cupidcr4wl,community,medium,evidence-preservation export chain-of-custody reporting,osinti4l-user
face-search,pivot-image-to-face,technique,pivot,image face,name social-profile username,instagram vk linkedin,"Face-search engines index faces across the public web and return other images of the same (or a similar-looking) person, each potentially attached to a name, a profile, or a place. It's one of the most powerful image pivots and one of the most dangerous, because facial similarity is probabilistic — lookalikes are common and the cost of a wrong match in a missing-persons case is a false accusation. The technique is only as good as the verification discipline wrapped around it.","You have a clear, mostly front-facing face image and want to expand to a name or profile.",pimeyes facecheck-id yandex-images,trusted,high,face image identity high-yield sensitive,
facebook,platform-facebook,technique,pivot,name social-profile image phone email,name associate image geolocation employer-org,facebook,"Facebook is the strongest platform for REAL NAMES and FAMILY graphs, and it skews older — so even when a young subject isn't there, their parents and relatives usually are. Privacy lockdown has reduced what's directly visible on a target's own profile, which makes network triangulation through relatives the more reliable entry. Name+location search, the friends/family graph, tagged photos, life events, and check-ins are the high-value reads. Real-name culture makes it the best name-disambiguation venue.",The subject or (importantly) their family is likely on Facebook.,facebook-search intelligence-x pipl,trusted,high,platform facebook real-name family high-yield,
facebook-first-canvass-for-missing-persons,Facebook-first canvass for missing persons,pattern,pivot,name username image,associate geolocation username employer-org image social-profile,facebook,"Across many writeups, Facebook is repeatedly called 'a goldmine' and the single highest-yield platform for missing-persons OSINT, with other platforms (Twitter, Instagram, Snapchat, TikTok, Strava) acting as support. Investigators extract usernames, location data, images and videos, event attendance, group membership, and comment/reaction patterns. Recent posts and the friends list (especially Facebook's 'Recently Added', which exposes roughly a 3-week window) are the richest pivot surfaces because they reveal current associates and recent geolocation.",,,community,high,facebook network-analysis platform-priority pivot,searchparty-writeups
facial-recognition-to-confirm-a-candidate-profile-is-the-subject,Facial recognition to confirm a candidate profile is the subject,technique,verification,image face social-profile,social-profile,facebook instagram,"When a name search returns a candidate social profile, confirm identity by comparing the profile's photos against the official missing-person photo using a face-comparison/recognition tool that returns a similarity score. This converts an uncertain 'maybe this is them' into a defensible match, which matters because everything you pivot to downstream depends on the profile actually belonging to the subject. Multiple teams used this to validate profiles in seconds and avoid wasting time on the wrong person.",,FaceComparison Microsoft Azure Face API facial recognition tools,community,high,face verification identity-confirmation,searchparty-writeups
family-first-rapid-action-before-official-report-filing,Family-first rapid action before official report filing,pattern,intake,name social-profile,social-profile geolocation associate,facebook instagram tiktok,"In the Brandon Lawson case study, the family began independent ground searches and pursued records within 24 hours because police delayed filing the missing-person report. The transferable pattern: do not wait for an official case number to begin collecting and preserving leads. The earliest hours are when social-media posts, geolocation pings, and witness memories are freshest and least likely to be deleted. For a hackathon investigator this means immediately snapshotting the subject's public profiles, last posts, and tagged content before they can be taken down.",,,community,high,speed preservation early-hours missing-persons,uncovered-missing
find-the-facebook-profile-by-name-then-face-verify-against-the-bolo-before-trusting-it,"Find the Facebook profile by name, then face-verify against the BOLO before trusting it",technique,verification,name image,social-profile username email associate address face,facebook,"The team searched the MP's name directly on Facebook, located a candidate profile, then ran a face-comparison tool comparing the profile picture against the official BOLO image before treating the account as the real subject. Only after that identity lock did they mine the profile. This two-step (locate then verify) prevents the classic error of building an entire case on a same-name stranger. Facebook in particular was the single richest source in this case, yielding 24 linked accounts/directories, 14 usernames, 4 emails, and links to 2 addresses and 2 relatives.",,Facebook FaceComparison,community,high,facebook face-comparison identity-verification social-pivot tracelabs,osinti4l-user
forcing-the-match,antipattern-forcing-the-match,antipattern,verification,,,,"Confirmation bias makes a plausible match feel certain. You find an account that *could* be the subject, you want it to be, and you start treating it as confirmed — then every later pivot inherits the error and you build an elaborate, confident, wrong identity. This is the single most damaging failure mode in missing-persons OSINT because it produces false reports about real people.","Any time you're about to promote a candidate selector to ""confirmed,"" especially when it would unlock an exciting next step.",,trusted,high,cognitive verification safety,
frame-by-frame-video-geolocation-off-a-one-second-background-sign,Frame-by-frame video geolocation off a one-second background sign,technique,enrichment,image social-profile metadata-exif,geolocation address,facebook google,"A video posted 12 days before the event became the decisive geolocation when the team caught a single one-second fade-out frame showing a building with a casino sign on top. They Googled/mapped the casino, then used Street View to lock the exact recording spot by matching multiple independent corroborating features: a distinctive lighting structure, a padlock and storage area, and a Chevron gas-station sign nearby. The technique is to scrub video frame-by-frame for any readable signage or fixed landmark, anchor on the named business, then confirm with several small physical details rather than",,Google Maps Google Street View Google Search,community,high,geolocation video-analysis street-view frame-scrubbing tracelabs,osinti4l-user
friend-and-tag-enumeration-to-find-a-low-footprint-subject,Friend-and-tag enumeration to find a low-footprint subject,playbook,pivot,username social-profile associate,associate image geolocation social-profile physical-description,instagram snapchat tiktok facebook,"When the subject (often a runaway teen) has a locked, sparse, or absent profile, you find them through their social graph rather than directly. Start from one confirmed account, follow links to spam/backup accounts, scan the friends/follower list for similar names and shared faces, locate the best friend's account, and harvest cross-tagged images and co-appearances. Teens commonly run 4+ accounts on a single platform under name variations, and their location/lifestyle leaks through friends who tag them. This indirect graph pivot is the canonical way solved cases are cracked when the subject th",,,community,high,instagram snapchat teens runaway graph-pivot tagged-photos,searchparty-writeups
geolocate-a-photo-or-video-from-in-frame-environmental-detail,Geolocate a photo or video from in-frame environmental detail,playbook,enrichment,image metadata-exif geolocation,geolocation address,facebook instagram tiktok,"High-value location flags often come from a single subject photo or video. The workflow: try reverse image search and AI geo tools first; when those fail, switch to manual chaining. Read text on signs/billboards (and its language), identify named businesses or landmarks (a casino sign, a Chevron station, a distinctive light pole), and triangulate them with Google Maps and Street View. When even named features fail, fall back to demographic/environmental inference: billboard language hints at neighborhood demographics, absence of graffiti suggests a safer area, and un-sun-bleached paint implies",,Google Maps Google Street View reverse image search GeoSpy FindPickLocation,community,high,geolocation image-analysis street-view mvo day-last-seen,searchparty-writeups
geolocate-a-video-by-freeze-framing-a-single-identifying-landmark-e-g-a-casino-sign,"Geolocate a video by freeze-framing a single identifying landmark (e.g., a casino sign)",technique,enrichment,image metadata-exif,geolocation address,facebook youtube,"Even a roughly one-second frame in a video can carry a location-defining landmark. The team found a frame where the camera faded out on a background building with a 'casino' sign, used Google search + Google Maps to identify the building, then walked Google Street View to find the nearby lighting structure the subject stood in front of. Step through video frame-by-frame looking for any unique, searchable signage or structure; one good frame can anchor the entire scene.",,Google Search Google Maps Google Street View,community,high,geolocation video-analysis frame-by-frame street-view landmark,osinti4l-mvo-writeup
geolocate-from-visual-media-using-landmarks-and-cross-referenced-travel-patterns,Geolocate from visual media using landmarks and cross-referenced travel patterns,technique,enrichment,image geolocation,geolocation address,instagram tiktok facebook,"Geolocation in TOFM means determining a specific place from imagery using landmarks, architectural features, geography, and seasonal/time indicators, then cross-referencing against what you already know about the subject's movements. The decisive step is corroboration: a candidate location is far stronger when it lines up with travel patterns and locations you found through other selectors.",,,community,high,geolocation image-pivot corroboration tracelabs,tofm
go-wide-before-you-go-deep,Go wide before you go deep,pattern,triage,social-profile username name,,,"TOFM's pivoting guidance warns against diving into the first interesting thread. Map breadth first — surface all the accounts, links, and connections you can — before drilling deep into any one of them. This prevents premature rabbit-holing on a detail that turns out to be a dead end or the wrong person, and it gives you cross-corroboration material before you commit time.",,,community,high,pivoting breadth-first triage tracelabs,tofm
google-dork-the-missing-person-by-name-to-build-the-initial-foothold,Google Dork the missing person by name to build the initial foothold,technique,intake,name,image username social-profile associate,google,"Before touching social platforms, run a focused Google search (dork) on the missing person's full name. This surfaces news stories about the disappearance and posts by family members, which in turn yield multiple photographs from different angles plus loose selectors (usernames, social handles, associates). The photos are reusable later for facial-recognition confirmation of candidate profiles, and the selectors become the data points you pivot from. Treat this as the foothold step that seeds everything else.",,Google,community,high,foothold google-dork intake trace-labs,osinti4l-mvo-writeup
isolate-the-investigation-in-a-disposable-vm,Isolate the investigation in a disposable VM,technique,opsec,,,,"TOFM recommends running investigations inside a virtual machine to isolate them from your normal computer use and to keep all notes and screenshots organized in one place. Because VMs are disposable, you can delete the whole environment when the case is done. This compartmentalizes operational risk and keeps case evidence from leaking into personal systems.",,,community,low,vm compartmentalization opsec vpn tracelabs,tofm
linkedin,platform-linkedin,technique,pivot,name social-profile employer-org,name employer-org geolocation associate image,linkedin,"LinkedIn is the best platform for an adult's real name, employer, education, career timeline, and metro-area location — all under real-name culture that aids disambiguation. It's weak for minors and people outside the professional world. The defining opsec hazard is that LinkedIn NOTIFIES users when you view their profile by default, so a careless logged-in look tips the subject off. Browse via private/anonymous mode or cached/Google-indexed copies, never a traceable logged-in view of the target.",The subject is an adult likely to have a professional/educational profile.,linkedin-search google-cache rocketreach,trusted,medium,platform linkedin professional real-name opsec-sensitive,
mine-photos-and-videos-for-context-and-embedded-clues,Mine photos and videos for context and embedded clues,technique,enrichment,image social-profile,geolocation associate vehicle-plate employer-org metadata-exif,instagram tiktok facebook,"TOFM frames media analysis around two questions: contextual knowledge (when was it created, who posted it, when was it shared, does the timing align with the content?) and information extraction (does the media reveal location, emotional state, associates, habits, or identifiable objects like license plates or badges?). In missing-persons cases the subject's and associates' photos/videos are often the single richest source of a recent timeline and a place.",,,community,high,media-analysis image-pivot timeline tracelabs,tofm
misreading-timestamps-and-locale,antipattern-misreading-timestamps-and-locale,antipattern,verification,any,any,,"Timestamps look like hard facts and are anything but. A post time renders in YOUR timezone or the platform's, not the subject's; a date written 03/04 means March 4 or April 3 depending on locale; ""5 hours ago"" is relative to when YOU loaded the page; and device clocks, ""last seen"", and metadata times can be set wrong. Read any of these naively and your timeline shifts, compresses, or inverts — putting the subject somewhere at the wrong hour, or making a ""most recent"" post look fresh when it isn't. In missing-persons work the timeline IS the case, so a locale or timezone slip can send a search to the wrong window.","Any time a date or time enters your timeline — post times, ""last active"", check-in times, EXIF/metadata times, screenshots of relative timestamps.",exiftool suncalc,trusted,high,timeline verification cognitive locale metadata,
mvo-dual-media-geolocation-chain,"MVO case: geolocating two media from one subject by frame-scrubbing, micro-feature stacking, and demographic fallback",case-study,enrichment,image metadata-exif,geolocation address,facebook google,"In the Trace Labs Nov 2025 MVO-winning case the two highest-value location flags came from media that originated on a friend's (MPF) account and was shared onto the MP profile. For a VIDEO, the team scrubbed frame-by-frame and caught a ~1-second fade-out frame showing a building with a ""casino"" sign; Google search + Maps identified the building, and Street View locked the exact spot by stacking multiple independent micro-features (a matching padlock and storage area, lighting structure, and a Chevron gas-station sign). For a car-wash PHOTO, reverse image search and an AI geolocator (FindPickLocation) both returned nothing — so the team switched methods, reasoning from environmental/demographic cues (billboard language, absence of graffiti, un-sun-bleached tiles implying no tall shading buildings, a self-service format uncommon downtown) to narrow the area, then confirmed the address in Street View via a cleaning station, satellite-dish/window positions, and a fence-line. They bounded the second search to areas near the already-confirmed video location and the BOLO. The transferable lesson: never declare a location on one match, treat tool failure as a signal to change method, and use solved media to bound the search for unsolved media.",,Google Search Google Maps Google Street View reverse image search FindPickLocation,community,high,tracelabs mvo geolocation video-analysis street-view environmental-reasoning,osinti4l-mvo-writeup
mvo-name-to-verified-hub-enumeration,"MVO case: name dork to face-verified Facebook hub, then enumerate the selector graph",case-study,verification,name,social-profile username email address associate,google facebook,"In the Trace Labs Nov 2025 Most-Valuable-OSINT-winning case, the team opened on the missing person's name with a Google dork, which surfaced news and family posts yielding multiple reference photos plus loose selectors. They located a candidate Facebook profile by name and — critically — face-verified it against the BOLO with a face-comparison tool BEFORE enumerating it, avoiding the same-name-stranger trap. The confirmed profile was then treated as a hub, not an endpoint: it expanded into roughly 24 linked accounts/directories, 14 usernames, 4 emails (which pivoted into ~10 further email-linked accounts), 2 addresses, and 2 relatives. The transferable chain is name -> reference photos -> candidate profile -> FACE VERIFY -> enumerate hub -> email/friend second wave, with verification gating enumeration at the start so no downstream pivot inherits a misidentification.",,Google Facebook FaceComparison people-search sites,community,high,tracelabs mvo identity-verification enumeration selector-graph,osinti4l-mvo-writeup
name-plus-location-google-dorking-to-seed-the-investigation,Name + location Google dorking to seed the investigation,technique,intake,name address geolocation,social-profile username associate employer-org image,facebook twitter tiktok youtube instagram,"The most reliable opening move is targeted search-engine dorking on the subject's name combined with their city/region and disappearance-related terms. This surfaces news articles (which give additional photos for facial recognition, plus usernames, relatives, and employers), missing-persons posters, and social posts. A key refinement is to subtract the noise term 'missing' once you have located the person, so news clutter does not drown out their actual social presence, and to add discriminating terms like 'arrest', 'married', or a sports club to pull new identifiers.",,Google Bing Yandex OSINTCurious Dorks page,community,high,dorking search-engines intake seeding,searchparty-writeups
network-triangulation,pivot-network-triangulation,technique,pivot,social-profile associate name,social-profile image geolocation associate,instagram facebook tiktok snapchat,"A locked-down subject is often fully visible in other people's public content. Their friends tag them, relatives post photos with them, followers comment, and a partner geotags the place they're together. Network triangulation pivots through the associate graph — map the close circle, then mine THEIR public posts for the subject's face, location, and activity. It's the standard way around a private profile and frequently the move that locates a subject who has gone quiet themselves.","The subject's own profile is private, sparse, or inactive, but you have or can find people connected to them.",instagram-search facebook-search social-graph-tools,trusted,high,associate social network high-yield,
open-on-the-name-with-google-dorking-to-seed-every-other-selector,Open on the name with Google dorking to seed every other selector,pattern,intake,name,username email social-profile image associate,google,"Before touching any tool, the team simply Google-dorked the missing person by name. This surfaced news stories, social media posts, and public records, which immediately yielded multiple reference photographs (for later facial verification) plus a cluster of seed selectors: usernames, accounts, and contact details. The lesson is that the name is the cheapest, highest-yield first pivot in a thin-selector case; a few minutes of dorking converts one name into a working set of usernames, emails, and photos that feed every subsequent pivot.",,Google Google Dorks,community,high,google-dorking intake name-pivot tracelabs,osinti4l-user
passive-only-reconnaissance-with-sock-puppets-and-no-subject-contact,Passive-only reconnaissance with sock puppets and no subject contact,pattern,opsec,,,,"Missing-persons OSINT is strictly passive: never contact the subject or their family, never attempt password resets or account-recovery probes, and never take any action that tips off the subject or alters the situation. Conduct all research from sock-puppet accounts (pre-logged-in before you start), behind a VPN, ideally geolocated to the subject's region so local search engines and content surface correctly. Your investigation must leave no trace and create no traceable activity. This protects the family, the investigation, and you.",,VPN sock-puppet accounts,community,high,opsec passive-recon sock-puppet ethics no-contact,searchparty-writeups
passive-reconnaissance-only-never-interact,Passive reconnaissance only — never interact,pattern,opsec,,,,"The single most important safety rule in TOFM: do passive reconnaissance exclusively and have NO interaction with anyone during an investigation. This explicitly bans DMs, emails, friend requests, and any interaction with social-media posts — not only the subject's, but anyone adjacent to the investigation. It also bans discussing the investigation outside safe channels. For live missing-persons cases this protects the subject, avoids tipping off bad actors, and keeps evidence admissible/ethical.",,,community,high,safety passive-recon no-contact opsec tracelabs,tofm
paywall-rabbit-hole,antipattern-paywall-rabbit-hole,antipattern,triage,name phone email address,,,"People-search engines dangle a teaser — ""we found 3 addresses and 5 relatives for this person!"" — then wall the actual data behind a payment. The rabbit hole is letting that teaser pull you into paying, re-paying across competing sites, and chasing aggregated public records that are often stale, mismatched, or freely available elsewhere. It burns the two scarcest resources (time and money) on low-confidence data, and it's especially seductive in thin-selector cases where it feels like the only lead. Exhaust free, passive pivots first.","Any time a people-search site shows a teaser and asks for payment, especially when you're stuck.",,trusted,medium,cognitive cost people-search time-management,
persuasive-geography-film-post-from-meaningful-locations,Persuasive geography: film/post from meaningful locations,technique,reporting,geolocation address,associate geolocation,youtube tiktok facebook instagram,"Pappa's 'persuasive geography' principle: recording content at locations significant to a case (where the person was last seen, where a crime occurred) triggers authentic cognitive and emotional responses that audiences perceive as genuine and share organically. For an investigator this doubles as a method to surface witnesses: posting geotagged content from the last-known location prompts locals and people familiar with the area to engage, comment, and supply place-specific knowledge that becomes new leads.",,,community,medium,geolocation witness-elicitation content-strategy,uncovered-missing
phone-to-identity,pivot-phone-to-identity,technique,pivot,phone,name social-profile image username,whatsapp telegram signal,"A phone number is a strong, fairly unique selector. Caller-ID/spam-database apps map numbers to crowd-sourced names; messaging apps leak whether a number is registered and sometimes a profile photo and display name; people-search engines tie numbers to public records. The crucial split is passive vs active — looking a number up in a database is contactless, but adding it to your contacts to check an app, or worse calling/texting it, can notify the subject. In a missing-persons case, tipping off the target is a serious failure.","You hold a phone number and want a name, photo, or linked accounts behind it.",truecaller sync-me phoneinfoga thatsthem,trusted,high,phone identity opsec-sensitive,
pivot-through-profile-links-friend-follower-lists-and-comments,"Pivot through profile links, friend/follower lists, and comments",technique,pivot,social-profile username associate,social-profile associate username image geolocation,instagram facebook tiktok twitter,"Pivoting means using one discovered fact to reach the next. TOFM highlights three concrete pivot surfaces on social media: (1) linked accounts shown on a profile page, (2) friend/follower networks, and (3) mentions and tags inside comments. For missing-persons work this is the highest-yield move: a subject's own profiles may be sparse, but the people around them (friends, who they comment with, who tags them) leak location, recent activity, and additional handles.",,,community,high,pivoting social-network associates tracelabs,tofm
pivot-through-the-mp-s-friends-mpf-posts-and-shares-to-find-fresh-photos-and-locations,Pivot through the MP's friends' (MPF) posts and shares to find fresh photos and locations,pattern,pivot,associate social-profile,image geolocation social-profile,facebook instagram,"Some of the most valuable evidence about an MP lives not on the MP's own account but on their friends' accounts. In the documented case, the MP's most useful recent content was originally posted by a missing-person's-friend (MPF) and then shared onto the MP's profile, and the two key geolocatable media (a video and a photoshoot image) both originated on the MPF account. Treat friends'/associates' public posts as a primary content source: they tag, photograph, and locate the MP even when the MP posts little themselves.",,Facebook,community,high,associate-pivot friends-of-target shared-posts social-media-first,osinti4l-mvo-writeup
pivot-through-verified-profile-emails-into-a-second-wave-of-linked-accounts,Pivot through verified-profile emails into a second wave of linked accounts,technique,pivot,email social-profile,social-profile username address associate,facebook,"After verifying the Facebook profile, the team did not stop at the visible social accounts: they extracted email addresses and used those emails to discover an additional 10 accounts beyond the directly listed ones. Email is a strong cross-platform join key because the same address often registers accounts a username sweep alone won't reveal. The transferable technique is to harvest every email tied to a verified profile and run an email-to-account pivot (breach/registration lookups, email-based people search) to expand the account map and surface fresh, possibly more current footprints.",,Facebook,community,high,email-pivot account-mapping enrichment tracelabs,osinti4l-user
plan-the-mission-and-define-red-lines-before-you-start,Plan the mission and define red lines before you start,playbook,intake,,,,"TOFM requires answering a structured set of questions before any searching: define the mission (what question, what specific info, what connection, what is out of scope), define success criteria (when does it end), set red lines that trigger stopping, and build a threat model. For missing-persons work this keeps the investigation focused on the find, prevents scope creep, and pre-commits you to stop and escalate if you stumble onto serious crime or it spills into the real world.",,,community,medium,planning scope red-lines threat-model tracelabs,tofm
plan-to-confirm-an-indoor-location-via-realty-interior-imagery-when-a-residence-is-implied,Plan to confirm an indoor location via realty/interior imagery when a residence is implied,technique,enrichment,image address name,address geolocation associate,facebook,"When an image of the MP is taken indoors (e.g., a bedroom) with no obvious location identifiers, you can still attempt confirmation if the room has unique structural features. The plan: find a residential address associated with the MP (via people-search sites, voter-registration records, appraisal-district lookups), then pull interior photos of that house/apartment from realtor platforms and compare room structure to confirm location. Also watch for incidental items in-frame (mail or objects bearing a name other than the MP's) that can identify the residence owner. In the documented case no s",,people-search sites voter registration records appraisal district lookups realtor platforms,community,medium,indoor-geolocation realty-imagery address-pivot people-search,osinti4l-mvo-writeup
prioritize-high-value-evidence-categories-once-foundations-are-mapped,Prioritize high-value evidence categories once foundations are mapped,pattern,triage,social-profile associate,geolocation image phone physical-description,facebook instagram tiktok,"Not all findings are worth the same. Day-Last-Seen photos/CCTV, recent location/geolocation, and phone history carry far more value than basic friend/employment facts. The winning move is to build the foundational network map quickly (friends, family, accounts) and then deliberately pivot toward high-value lifestyle, location, and last-seen evidence rather than continuing to grind low-value connection flags. Quality and recency beat raw volume of trivial facts once the basics are covered.",,,community,high,scoring prioritization day-last-seen high-value,searchparty-writeups
prioritize-subjects-by-likely-digital-footprint-before-investigating,Prioritize subjects by likely digital footprint before investigating,pattern,triage,name dob physical-description,social-profile username,facebook instagram twitter tiktok,"When handed a batch of missing-person subjects in a time-boxed search, do not investigate them in list order. First do a quick triage pass to estimate which subjects have the richest online presence, and front-load effort there. Multiple winning teams note that people under ~40 are far more likely to have meaningful social media, and that subjects who have been missing for years or who are very young/elderly often have thin or stale footprints. Deprioritizing low-footprint subjects early concentrates effort where flags are actually findable.",,,community,high,triage prioritization time-management tracelabs,searchparty-writeups
prioritize-the-most-recent-post-to-prove-the-subject-is-currently-active,Prioritize the most recent post to prove the subject is currently active,pattern,triage,social-profile,metadata-exif geolocation,facebook instagram tiktok,"The team flagged a post shared by the MP less than 24 hours before the CTF started as a critical finding, because recency is itself intelligence: it proves the account is live and the subject (or someone with access) is currently active. In missing-persons work, demonstrating recent activity on a verified profile is high-value both for narrowing a search window and for the report. The most recent media is therefore worth analyzing first, even if the image's content (e.g., an interior bedroom shot) ultimately yields no geolocation, because confirming live activity still moves the case forward.",,Facebook,community,high,recency timeline proof-of-life triage tracelabs,osinti4l-user
recruit-local-knowledge-to-break-a-stuck-geolocation,Recruit local knowledge to break a stuck geolocation,technique,enrichment,image geolocation,geolocation address,google,"A geolocation that automated tools and remote analysts cannot crack can be solved instantly by someone familiar with the area. In the documented case a teammate's spouse overheard the team discussing the suspected city/state over voice chat and, knowing the local demographics, immediately recognized cues in the image and derived the location. Operationalize this: once you have a candidate region, surface the image to anyone with local familiarity, because lived knowledge of a place beats generic OSINT tooling for area-specific cues.",,voice chat / team collaboration,community,medium,local-knowledge collaboration geolocation human-source,osinti4l-mvo-writeup
reverse-image-everything,pattern-reverse-image-everything,pattern,pivot,image,geolocation face social-profile name,any,"Reverse image search is the cheapest high-yield move in the toolkit, and the habit is to run it on EVERY image — profile photos, backgrounds, screenshots, memes the subject posted — before doing anything else with them. It can hand you the original source, the location, other copies attached to a name or profile, or the critical negative result that the image is a stock photo or repost and therefore NOT the subject's. Use several engines, because their indexes differ sharply.","The instant any image enters the case, and again on every new image a pivot produces.",yandex-images google-lens bing-visual-search tineye,trusted,high,image reflex high-yield cross-cutting,
scope-creep-beyond-the-ask,antipattern-scope-creep-beyond-the-ask,antipattern,triage,any,any,,"Scope creep is following threads because they're interesting rather than because they advance the defined question. A juicy sub-plot — a feud in the comments, an associate's unrelated drama, a tangential mystery — pulls your attention away from locating the subject. It feels like investigating, but it spends a finite time budget on findings the case doesn't need, and it pads the report with noise that buries the signal. In missing-persons work, where time is the scarcest resource and the mission is narrow (find this person), scope creep is one of the quietest ways a search underperforms.",Any time a thread is pulling you in and you haven't checked it against the case's defined question and success criteria.,,trusted,high,scope time-management triage discipline cognitive,
screenshot-without-provenance,antipattern-screenshot-without-provenance,antipattern,reporting,any,document-id,,"A bare screenshot feels like proof, but a cropped image with no URL, no timestamp, and no integrity hash is unverifiable — a reviewer can't confirm where it came from, when it was true, or that it wasn't altered. Worse, the live source can change or be deleted before law enforcement reviews it, leaving you with an unsupported claim. In missing-persons work the whole point of capture is the handoff; evidence that a judge or detective can't authenticate gets discarded, and you lose the finding even though you ""had"" it.","Every time you capture a finding you might submit, cite, or hand to law enforcement — get the provenance at the moment of capture, not later.",Nimbus Screenshot & Screen Video Recorder Wayback Machine,trusted,high,reporting evidence chain-of-custody documentation safety,
searchable-optimization-put-the-subject-s-name-in-titles-and-cross-post,Searchable optimization: put the subject's name in titles and cross-post,technique,pivot,name,social-profile associate,youtube tiktok facebook,"Pappa documents that using the victim's name directly in video titles drove discovery via search, and that the Rachel Morin videos grew substantially with no established subscriber base because audiences found them through search and organic Facebook sharing across platforms (YouTube, TikTok, Facebook). The transferable, search-first lesson for OSINT pivots: a missing person's name is the highest-value search token; ensure case content is named and cross-posted so that anyone searching the name - including witnesses and the subject's own network - lands on your appeal, and so that your monitor",,YouTube Facebook TikTok,community,high,search-optimization name-pivot cross-platform monitoring,uncovered-missing
selector-discipline,pattern-selector-discipline,pattern,pivot,,,,"The selector log is the durable state of an investigation — a table where every selector is a row carrying value, type, provenance (which tool, which source, when), and a confidence label (confirmed/likely/candidate). This discipline is what makes a case auditable, lets you back out a wrong turn, and lets a teammate or agent pick up exactly where you stopped. Most OSINT failures are not missing tools; they're a lost track of what was confirmed versus guessed. The log fixes that.",From the first seed selector to the final report — continuously.,,trusted,high,core provenance discipline cross-cutting,
single-source-confirmation,antipattern-single-source-confirmation,antipattern,verification,any,any,,"Single-source confirmation is the illusion of corroboration produced when several sources all trace back to the same origin. A news article, three aggregator cards, and a Reddit thread can all ""agree"" on a fact simply because they all copied it from one place — or because one profile's bio, photo, and pinned post all say the same thing. Counting echoes as independent confirmations gives you false confidence and lets a single original error harden into ""verified."" In missing-persons work this is how a wrong age, a wrong city, or a misidentified profile becomes treated as settled fact across the whole case.","Any time you're about to call a fact ""confirmed"" because more than one source says it — check whether those sources are actually independent.",,trusted,high,verification cognitive corroboration false-positive,
stop-and-report-do-not-investigate-when-you-find-illegal-content,"Stop and report, do not investigate, when you find illegal content",pattern,opsec,,,adult-platforms escort-directories,"cupidcr4wl's documentation builds in an explicit boundary: if you believe you have found a platform hosting illegal content, use the bundled law-enforcement reporting resources to report it, and operate within your jurisdiction's laws. For missing-persons cases that touch adult/trafficking platforms, this is a critical OPSEC and ethical guardrail - continuing to dig into CSAM or trafficking material can be illegal and can compromise an eventual prosecution. The transferable pattern is to pre-decide a tripwire: on suspected illegal content, halt active investigation and route to the proper auth",,cupidcr4wl,community,high,opsec legal ethics trafficking law-enforcement guardrail,osinti4l-user
structured-cell-records-reconstruction-to-narrow-search-geography,Structured cell-records reconstruction to narrow search geography,technique,enrichment,phone metadata-exif geolocation,geolocation address,,"In the Brandon Lawson case a volunteer transcribed jumbled cellular records into structured spreadsheets with tabs for process notes, calls, texts, and raw data, attaching tower location coordinates to each event. This converted unusable raw documents into a geo-temporal map that let searchers narrow the physical search area to tower-ping locations. The transferable method: whenever you obtain call/location logs or any noisy raw dataset, normalize it into a structured, geocoded timeline so the last-ping cluster becomes a defined search box.",,spreadsheet (Excel),community,medium,geolocation data-normalization timeline tower-ping,uncovered-missing
submit-steadily-and-pivot-on-a-timer-to-avoid-rabbit-holes,Submit steadily and pivot on a timer to avoid rabbit holes,pattern,reporting,,,,"Investigators waste enormous time over-analyzing a single thread. The discipline that wins is a cadence rule: if you have not submitted a flag in ~10 minutes, stop and take a new direction. Pepper the board with valid small flags (tattoos, piercings, vehicles, substance-use indicators, Day-Last-Seen facts) without overthinking each one's significance, while respecting agreed quality standards. Consistent submission maintains momentum and forces you out of dead-end rabbit holes you would otherwise sink an hour into.",,,community,high,cadence time-management submissions discipline,searchparty-writeups
team-workflow-divide-by-subject-huddle-on-a-timer-submit-individually,"Team workflow: divide by subject, huddle on a timer, submit individually",playbook,intake,,,,"The highest-performing teams split the subjects across members and let each person investigate deeply until they hit a wall, rather than swarming one subject or hopping around. Roles align to specialties (social media, breach data, web recon, geolocation). The team regroups in short huddles roughly every 60 minutes to share theories and redirect, but each member submits their own findings rather than funneling everything through one bottleneck person. Keep one shared comms/coordination surface (Discord/Slack) but avoid over-engineered tracking systems that slow people down.",,Discord Slack,community,high,teamwork coordination workflow division-of-labor,searchparty-writeups
timeline-anchoring,pattern-timeline-anchoring,pattern,enrichment,social-profile image,geolocation,,"A timeline turns a pile of posts, photos, check-ins, and timestamps into a chronological narrative whose most important point is the LAST one — the most recent confirmed signal of activity. Building it surfaces the subject's routine and recent locations, anchors every other claim to a date, and — crucially — exposes contradictions a date can't hide (a ""live"" post that pre-dates the disappearance, two events that can't both be true). In missing-persons work, last-known-activity is often the single most actionable output.","As soon as you have a few dated artifacts — during enrichment, and continuously as new dated selectors arrive.",wayback-machine exiftool,trusted,high,timeline enrichment chronolocation,
tool-minimalism-manual-investigation-over-tool-feeding,Tool minimalism: manual investigation over tool-feeding,antipattern,triage,,,,"A tempting wrong move is to reach for heavyweight automation (scrapers, aggregators) for every step. Experienced winners warn that if you spend 20 minutes getting data into a tool, that is 20 minutes wasted, and that custom search-engine dorks are often faster than generic username tools. Lean on a small set of high-leverage tools (username checkers, people-search, face comparison) and do the bulk of pivoting manually. Reserve automation like Spiderfoot for breadth scans, not as a substitute for reading profiles.",,Spiderfoot username checkers Twint,community,medium,tooling antipattern efficiency manual-osint,searchparty-writeups
tracelabs-cluster-correlation-shared-friends,Trace Labs case: confirm multiple accounts are one person via two shared friends,case-study,verification,social-profile username associate,social-profile associate,facebook instagram twitter,"Across winning Trace Labs Search Party teams, the highest-yield chain ran: triage subjects by likely digital footprint, canvass Facebook first (repeatedly called ""a goldmine""), sweep any recovered username across platforms, face-verify candidate profiles against the BOLO, and then — the decisive verification — confirm that a set of candidate accounts all belong to the same person by finding the same two-or-more mutual friends/associates appearing across every account. A winning team used ""two common friends across every account"" as an explicit rule, because shared close connections are a far stronger correlation signal than a matching display name (which only catches namesakes). People-search was then used to corroborate that those mutual connections were genuinely family/close friends. The transferable lesson: enumeration and name-matches produce candidate clusters; a stable core of shared associates is what proves the cluster is one identity.",,WhatsMyName Sherlock Namecheckr FaceComparison TruePeopleSearch,community,high,tracelabs identity-resolution correlation network-analysis verification,searchparty-writeups
tunnel-vision,antipattern-tunnel-vision,antipattern,pivot,,,,"Tunnel vision is committing depth-first to one lead — one platform, one profile, one thread — before exhausting the cheap breadth available everywhere else. It feels productive because you're working hard, but you're working a single branch that a 30-second pivot elsewhere might have made irrelevant, and you stop seeing the other selectors you already hold. It's the most common way a case quietly grinds to a halt, and its fix is structural, not motivational.",Any time one lead has all your attention and you haven't run the cheap pivots off your other selectors.,,trusted,high,cognitive breadth safety,
use-osint-frameworks-and-flowcharts-to-know-your-next-pivot,Use OSINT frameworks and flowcharts to know your next pivot,technique,pivot,,,,"When you have a data point and are unsure what to do with it next, structured pivot maps tell you the available next moves. Beginners and experienced analysts alike use the OSINT Framework site and Michael Bazzell's OSINT flowcharts to see, for a given selector (email, username, phone, image), which tools and pivots apply. This prevents tunnel vision and surfaces pivot paths you would not have remembered under time pressure.",,OSINT Framework (osintframework.com) Michael Bazzell OSINT flowcharts,community,medium,frameworks pivot-map methodology,searchparty-writeups
username-persistence-across-platforms,Username persistence across platforms,technique,pivot,username,social-profile username email,instagram twitter reddit tiktok telegram,"People reuse the same handle, nickname, avatar, or profile photo across many platforms. Once you recover any one username, enumerate it everywhere with a username checker to discover accounts on platforms you would not have thought to check. The first analytic question is whether the subject uses a consistent identifier across platforms; if so, a single handle unlocks a cluster of profiles. Treat the checker output as leads to verify, not confirmed hits.",,Sherlock WhatsMyName Namecheckr Namechk,community,high,username enumeration pivot cross-platform,searchparty-writeups
username-reuse-enumeration,username-reuse-enumeration,technique,pivot,username,social-profile image email name associate,reddit instagram tiktok github twitter telegram steam,"Most people reuse the same (or a slightly varied) handle across platforms. Running a known username through cross-platform enumerators returns a list of candidate profiles; each confirmed profile is a fresh node that leaks more selectors (a profile photo → face, a linked email, a real name, a follower graph). This is usually the single highest-yield early pivot in a username-seeded case.","You hold a username (from a social post, gamertag, email local-part, or another profile) and want to expand the footprint.",whatsmyname-web sherlock maigret,trusted,high,username social high-yield,
username-variation-sweep-across-platforms-to-catch-non-canonical-handles,Username variation sweep across platforms to catch non-canonical handles,technique,pivot,username,social-profile username email,instagram reddit tiktok twitter,"Because platforms structure their URLs and handle rules differently, a single username spelling will miss accounts. The cupidcr4wl methodology is to run each target username in multiple variations - janedoe, jane_doe, jane-doe, jdoe - across the full platform list so that an account registered under a non-canonical form is not missed. For missing persons, the same handle (or near-variant) is often reused across many sites, so a variation sweep turns one discovered username into a much wider account map (the case profile yielded 14 usernames worth sweeping).",,cupidcr4wl,community,high,username-enumeration handle-variations pivot account-mapping,osinti4l-user
verification,phase-verification,pattern,verification,,,,"Verification is not a step at the end — it runs throughout, gating every promotion of a selector from candidate to confirmed. The core rule is two independent corroborating signals from separate sources. In missing-persons work the cost of a false positive is not a wasted hour; it's a confident false statement about a real, vulnerable person. Verification is the discipline that prevents the whole tree's most dangerous failure mode.","Every time you're about to treat a candidate selector as confirmed, and again whenever a branch stops cohering.",,trusted,high,core verification safety,
verification-by-independent-cross-referencing,Verification by independent cross-referencing,pattern,verification,social-profile name image,social-profile associate geolocation,instagram facebook tiktok,"A core OSINT principle reinforced across volunteer missing-persons programs: verify any lead by gathering the same fact through other means and from independent sources before acting on it. For social-media-first missing-persons work this is the guardrail against acting on a misidentified profile, a stale post, or a coincidental name match - confirm an identity or location through at least two unrelated signals (e.g., a tagged photo plus a check-in plus a mutual associate) before treating it as the subject.",,,community,high,verification cross-reference false-positive-guard,uncovered-missing
visual-geolocation,pivot-image-to-geolocation,technique,pivot,image,geolocation address,instagram tiktok twitter reddit,"A photo is a location fingerprint even after EXIF is stripped. Reverse image search may find the exact spot; failing that, you read the frame — language and text on signs, license-plate format, road markings, architecture, vegetation, mountains/skyline, and sun position/shadows for latitude and time-of-day. Each clue narrows the search space; together they often pin a place to a neighborhood or a single intersection. This is the core Bellingcat/GeoGuessr skill and one of the highest-value image pivots in CTF cases.","You hold a photo (a subject post, a background, a ""last seen here"" image) and need a place — and EXIF is absent or untrusted.",google-lens yandex-images bing-visual-search google-earth mapillary suncalc,trusted,high,image geolocation geoint high-yield,
when-reverse-image-and-ai-geo-tools-fail-pivot-to-demographic-environmental-reasoning,"When reverse-image and AI geo tools fail, pivot to demographic/environmental reasoning",pattern,enrichment,image,geolocation address,google,"Reverse image search and AI geolocation tools (e.g., FindPickLocation) returned nothing useful for the photoshoot image, so the team switched from tool-driven lookup to reasoning about environmental and demographic cues to narrow the search space. They read the billboard language, the absence of graffiti (not a traditional gang neighborhood), un-sun-bleached car-wash tiles/paint (no tall shading buildings nearby), and a self-service car-wash format (uncommon downtown). These inferences narrowed candidate areas enough to find the exact car-wash address. Don't abandon a geolocation when automate",,Google reverse image search Google Maps FindPickLocation (findpiclocation.com),community,high,geolocation chronolocation environmental-analysis fallback demographics,osinti4l-mvo-writeup
when-reverse-image-search-and-ai-geolocators-fail-switch-to-human-demographic-reasoning,"When reverse image search and AI geolocators fail, switch to human demographic reasoning",pattern,enrichment,image,geolocation address,google,"For a car-wash photoshoot image, reverse image search and automated/AI geolocation tools (FindPickLocation) both returned nothing. Instead of grinding the same dead tools, the team pivoted to manual demographic and cultural reasoning about the visual scene: the language of text on a billboard, the absence of graffiti (suggesting a safer neighborhood), non-sun-bleached tiles (implying shade from taller buildings nearby), and the self-service car-wash format (uncommon downtown). These inferences narrowed the region enough to find the car-wash address, then Street View confirmed the exact spot vi",,Google reverse image search FindPickLocation Google Maps Google Street View,community,high,geolocation demographic-reasoning tool-failure-pivot chinatown-method tracelabs,osinti4l-user
x-twitter,platform-x-twitter,technique,pivot,username social-profile name,geolocation name associate image social-profile,x twitter,"X/Twitter is largely public and real-time, which makes it strong for last-known-activity and routine. The full public timeline is searchable (advanced operators filter by date, place, and keyword), tweets often carry place context, and replies/mentions expose the associate graph. Deleted tweets are unusually recoverable via archives. Recent API/access changes have degraded some third-party tooling, so expect more manual and login-gated work than a few years ago.","You have an X/Twitter handle, or a name/handle that might be there.",twitter-advanced-search wayback-machine nitter-mirror,trusted,high,platform x twitter real-time text,
